Name,Count
properly-drain-iterators-fix,1
refactor/check_fastpath_iterator_stream,1
perf/remove-fmt-sprintf-from-tuple-stringifier,1
introduce-new-interface,1
eleijonmarck/mysql/extend_object_id_to_256,1
refactor/resolve-check-request-private-fields,1
refactor/check-command-param-type,1
recursive-ttu-with-algebraic-ops,1
rename-cache-controller,1
tls,1
support-for-disabling-otel-exporter,1
enhancement/1935,1
hides_logger_implementation,1
refactor-server-run-complexity,1
refactor/grpc-logging-v2,1
